w1,PexPRO_17,PexPRO_23,PexPRO_30,QexPRO_17,QexPRO_23,QexPRO_30
0.400000,0.487156,0.593514,0.280141,0.000000,0.248832,0.231215
0.400000,0.489688,0.594849,0.278141,0.000000,0.244296,0.234527
0.400000,0.503653,0.620591,0.280447,0.000000,0.238741,0.251523
0.400000,0.455951,0.514999,0.259673,0.000000,0.238780,0.194754
0.400000,0.506539,0.618667,0.275651,0.000000,0.229879,0.255540
0.400000,0.490542,0.583223,0.266802,0.000000,0.228092,0.236934
0.400000,0.499722,0.530756,0.251559,0.000000,0.228457,0.213281
0.400000,0.494476,0.518296,0.246778,0.000000,0.225727,0.207546
0.400000,0.490298,0.508114,0.242397,0.000000,0.222901,0.203090
0.400000,0.486751,0.499920,0.242080,0.000000,0.220579,0.202288
0.400000,0.524523,0.379676,0.305568,0.000000,0.205105,0.245880
0.400000,0.568426,0.079676,0.227044,0.000000,0.081131,0.189735
0.400000,0.425200,-0.220324,-0.072955,0.000000,0.000000,0.074456
0.400000,0.424950,-0.227250,-0.094438,0.000000,0.000000,0.098695
0.400000,0.421100,-0.226500,-0.095388,0.000000,0.000000,0.095623
0.400000,0.417250,-0.225750,-0.092114,0.000000,0.000000,0.107814
0.400000,0.413400,-0.225000,-0.092732,0.000000,0.000000,0.105938
0.400000,0.407666,-0.217911,-0.051787,0.000000,0.000000,0.088081
0.400000,0.569576,0.082089,0.248213,0.000000,0.062865,0.197289
0.400000,0.514178,0.382089,0.334818,0.000000,0.213161,0.240794
0.400000,0.472454,0.489800,0.287125,0.000000,0.234388,0.192168
0.400000,0.478825,0.519342,0.301186,0.000000,0.249259,0.191092
0.400000,0.480106,0.538019,0.313753,0.000000,0.264745,0.183588
0.400000,0.488255,0.571329,0.328876,0.000000,0.279605,0.184300
0.400000,0.537320,0.604378,0.339761,0.000000,0.296284,0.190423
0.400000,0.525333,0.593923,0.358890,0.000000,0.311949,0.190831
0.400000,0.511545,0.579652,0.377859,0.000000,0.328002,0.188677
0.400000,0.500851,0.578973,0.397356,0.000000,0.326341,0.191437
0.400000,0.485212,0.573815,0.414513,0.000000,0.310036,0.189307
0.400000,0.479999,0.650324,0.470165,0.000000,0.356198,0.217471
0.400000,0.463864,0.723177,0.524819,0.000000,0.402601,0.243831
0.400000,0.454227,0.808505,0.581659,0.000000,0.448224,0.277241
0.400000,0.477722,0.890860,0.632162,0.000000,0.479095,0.311433
0.400000,0.466703,0.974150,0.684809,0.000000,0.501103,0.347669
0.400000,0.452047,1.020796,0.728034,0.000000,0.524703,0.366622
0.400000,0.437433,1.111727,0.809340,0.000000,0.483689,0.436109
0.400000,0.422789,1.209408,0.874867,0.000000,0.482230,0.491074
0.400000,0.409394,1.257201,0.919857,0.000000,0.496391,0.516897
0.400000,0.396000,1.330281,0.979919,0.000000,0.488643,0.568062
0.400000,0.400540,1.422789,1.018212,0.000000,0.274179,0.599999
0.400000,0.420111,1.426588,1.077130,0.000000,0.272460,0.600000
0.400000,0.427718,1.388174,1.105960,0.000000,0.396712,0.600000
0.400000,0.357366,1.088174,0.981662,0.000000,0.599995,0.546668
0.400000,0.401171,0.788175,1.025401,0.000000,0.390826,0.599979
0.400000,0.393057,0.724996,1.040855,0.000000,0.345620,0.598075
0.400000,0.355211,0.699566,1.039417,0.000000,0.326852,0.572061
0.400000,0.346283,0.678006,1.042163,0.000000,0.311602,0.576358
0.400000,0.349012,0.483710,1.062926,0.000000,0.167273,0.595378
0.400000,0.480508,0.183710,0.852178,0.000000,0.000040,0.600000
0.400000,0.515619,0.161405,0.905269,0.000000,0.082080,0.600000
0.400000,0.501891,0.179560,0.900475,0.000000,0.103682,0.600000
0.400000,0.445868,0.184344,1.023496,0.000000,0.118950,0.600000
0.400000,0.467208,0.220588,1.039766,0.000000,0.119083,0.600000
0.400000,0.471579,0.220573,1.138344,0.000000,0.103913,0.600000
0.400000,0.477398,0.191810,1.068851,0.000000,0.157168,0.600000
0.400000,0.492617,0.185430,1.083724,0.000000,0.166546,0.600000
0.400000,0.492370,0.178560,1.084514,0.000000,0.175557,0.600000
0.400000,0.468968,0.159821,1.054566,0.000000,0.174729,0.600000
0.400000,0.468395,0.143193,1.024848,0.000000,0.175483,0.600000
0.400000,0.495272,0.135497,0.901339,0.000000,0.182937,0.600000
0.400000,0.473663,0.180094,0.938416,0.000000,0.079610,0.600000
0.400000,0.460107,0.162139,0.921009,0.000000,0.079369,0.600000
0.400000,0.466784,0.149116,0.859737,0.000000,0.082781,0.600000
0.400000,0.472263,0.135119,0.818327,0.000000,0.084419,0.600000
0.400000,0.460998,0.117680,0.804250,0.000000,0.083476,0.600000
0.400000,0.438036,0.247784,0.721331,0.000000,0.191427,0.600000
0.400000,0.352931,0.547784,0.797746,0.000000,0.416427,0.600000
0.400000,0.363752,0.847783,0.787248,0.000000,0.518220,0.600000
0.400000,0.340394,1.025235,0.780258,0.000000,0.342509,0.600000
0.400000,0.340347,0.997735,0.782101,0.000000,0.335740,0.600000
0.400000,0.352554,0.976642,0.769425,0.000000,0.330932,0.600000
0.400000,0.353094,0.959220,0.762896,0.000000,0.326797,0.600000
0.400000,0.402735,1.095850,0.842488,0.000000,0.287266,0.600000
0.400000,0.450786,1.103430,0.868027,0.000000,0.267059,0.600000
0.400000,0.480437,1.122906,0.942700,0.000000,0.191944,0.571688
0.400000,0.526309,1.127206,0.957741,0.000000,0.178410,0.546355
0.400000,0.528612,1.128803,0.970818,0.000000,0.179255,0.547022
0.400000,0.537445,1.130298,0.966218,0.000000,0.177905,0.541286
0.400000,0.533173,1.129034,0.951944,0.000000,0.191286,0.562327
0.400000,0.543160,1.128658,0.939341,0.000000,0.199452,0.572405
0.400000,0.550947,1.129936,0.920216,0.000000,0.199312,0.561688
0.400000,0.558734,1.129715,0.847887,0.000000,0.206412,0.542574
0.400000,0.562464,1.127266,0.771043,0.000000,0.223225,0.532855
0.400000,0.523456,1.109643,0.762286,0.000000,0.241600,0.549685
0.400000,0.579063,0.984606,0.755115,0.000000,0.236144,0.571028
0.400000,0.584671,0.930109,0.751583,0.000000,0.227151,0.570496
0.400000,0.590273,0.912389,0.680076,0.000000,0.296958,0.557391
0.400000,0.577736,0.904637,0.629393,0.000000,0.323535,0.517732
0.400000,0.565635,0.879700,0.601980,0.000000,0.313316,0.497174
0.400000,0.596500,0.709309,0.672691,0.000000,0.293465,0.500073
0.400000,0.546992,0.409309,0.372691,0.000000,0.319268,0.336227
0.400000,0.547499,0.109809,0.284575,0.000000,0.111231,0.265133
0.400000,0.597995,-0.015869,0.239047,0.000000,0.016598,0.231127
0.400000,0.598745,-0.032477,0.207436,0.000000,0.003579,0.190892
0.400000,0.599495,-0.036491,0.176200,0.000000,0.000006,0.156200
0.400000,0.600246,-0.035746,0.149946,0.000000,0.000003,0.144977
0.420000,0.494398,0.588793,0.278328,0.000000,0.249426,0.229855
0.420000,0.496933,0.590125,0.276327,0.000000,0.244890,0.233167
0.420000,0.510901,0.615865,0.278635,0.000000,0.239335,0.250164
0.420000,0.463203,0.510274,0.257855,0.000000,0.239376,0.193391
0.420000,0.513793,0.613936,0.273838,0.000000,0.230474,0.254180
0.420000,0.497799,0.578490,0.264986,0.000000,0.228688,0.235573
0.420000,0.501308,0.529731,0.251167,0.000000,0.228590,0.212987
0.420000,0.496065,0.517271,0.246385,0.000000,0.225860,0.207252
0.420000,0.491889,0.507086,0.242004,0.000000,0.223035,0.202795
0.420000,0.488345,0.498891,0.241686,0.000000,0.220713,0.201993
0.420000,0.524398,0.372001,0.307560,0.000000,0.204039,0.247370
0.420000,0.557843,0.072001,0.219691,0.000000,0.075375,0.184220
0.420000,0.425200,-0.227999,-0.080309,0.000000,0.000000,0.085459
0.420000,0.424950,-0.227250,-0.094438,0.000000,0.000000,0.098695
0.420000,0.421100,-0.226500,-0.095388,0.000000,0.000000,0.095623
0.420000,0.417250,-0.225750,-0.092114,0.000000,0.000000,0.107814
0.420000,0.413400,-0.225000,-0.092732,0.000000,0.000000,0.105938
0.420000,0.407666,-0.217913,-0.060031,0.000000,0.000000,0.099261
0.420000,0.555886,0.082087,0.239969,0.000000,0.062864,0.191106
0.420000,0.515341,0.382087,0.333780,0.000000,0.213430,0.240015
0.420000,0.474068,0.488758,0.286725,0.000000,0.234524,0.191869
0.420000,0.480439,0.518300,0.300787,0.000000,0.249394,0.190792
0.420000,0.481721,0.536976,0.313353,0.000000,0.264880,0.183288
0.420000,0.489869,0.570287,0.328476,0.000000,0.279740,0.184000
0.420000,0.530558,0.608702,0.341404,0.000000,0.295709,0.191656
0.420000,0.518573,0.598243,0.360535,0.000000,0.311375,0.192065
0.420000,0.504784,0.583970,0.379509,0.000000,0.327431,0.189914
0.420000,0.494453,0.582705,0.399271,0.000000,0.329140,0.192873
0.420000,0.478822,0.577539,0.416428,0.000000,0.312829,0.190744
0.420000,0.479998,0.650324,0.470165,0.000000,0.356199,0.217471
0.420000,0.463864,0.723177,0.524819,0.000000,0.402602,0.243831
0.420000,0.454226,0.808506,0.581660,0.000000,0.448227,0.277242
0.420000,0.477723,0.890859,0.632162,0.000000,0.479097,0.311433
0.420000,0.466703,0.974150,0.684809,0.000000,0.501104,0.347668
0.420000,0.452047,1.020796,0.728034,0.000000,0.524704,0.366621
0.420000,0.437424,1.111730,0.809345,0.000000,0.483683,0.436113
0.420000,0.422789,1.205255,0.879120,0.000000,0.473037,0.494264
0.420000,0.409394,1.253035,0.924126,0.000000,0.486933,0.520099
0.420000,0.396000,1.330281,0.979919,0.000000,0.488642,0.568062
0.420000,0.404866,1.419691,1.016690,0.000000,0.284820,0.600000
0.420000,0.424374,1.423691,1.075483,0.000000,0.282492,0.600000
0.420000,0.428971,1.396465,1.096302,0.000000,0.376949,0.600000
0.420000,0.352617,1.096466,0.993745,0.000000,0.590433,0.555730
0.420000,0.398775,0.811792,1.025427,0.000000,0.408539,0.599998
0.420000,0.383751,0.807422,1.043400,0.000000,0.407440,0.599983
0.420000,0.345605,0.781831,1.042963,0.000000,0.388551,0.574721
0.420000,0.336678,0.760316,1.045765,0.000000,0.373335,0.579060
0.420000,0.346716,0.483737,1.069086,0.000000,0.167293,0.599997
0.420000,0.480505,0.183737,0.852181,0.000000,0.000001,0.600000
0.420000,0.512779,0.160950,0.910390,0.000000,0.081739,0.600000
0.420000,0.494877,0.178438,0.913141,0.000000,0.102840,0.600000
0.420000,0.445868,0.184345,1.023496,0.000000,0.118949,0.600000
0.420000,0.467047,0.225407,1.039766,0.000000,0.112015,0.600000
0.420000,0.471579,0.224766,1.138003,0.000000,0.097849,0.600000
0.420000,0.477420,0.191816,1.068799,0.000000,0.157172,0.600000
0.420000,0.492680,0.185446,1.083574,0.000000,0.166558,0.600000
0.420000,0.492440,0.178577,1.084346,0.000000,0.175570,0.600000
0.420000,0.468960,0.159819,1.054585,0.000000,0.174727,0.600000
0.420000,0.468395,0.143193,1.024848,0.000000,0.175483,0.600000
0.420000,0.495272,0.135497,0.901339,0.000000,0.182937,0.600000
0.420000,0.473688,0.180101,0.938358,0.000000,0.079615,0.600000
0.420000,0.460082,0.162133,0.921067,0.000000,0.079365,0.600000
0.420000,0.466784,0.149116,0.859737,0.000000,0.082781,0.600000
0.420000,0.474563,0.135696,0.813105,0.000000,0.084852,0.600000
0.420000,0.463649,0.118349,0.798213,0.000000,0.083978,0.600000
0.420000,0.445055,0.198156,0.726334,0.000000,0.154198,0.600000
0.420000,0.352931,0.498156,0.797745,0.000000,0.379197,0.600000
0.420000,0.362305,0.798155,0.787247,0.000000,0.523876,0.600000
0.420000,0.337870,0.999148,0.780258,0.000000,0.378347,0.600000
0.420000,0.340346,0.970919,0.782101,0.000000,0.370875,0.600000
0.420000,0.352553,0.949843,0.769425,0.000000,0.365551,0.600000
0.420000,0.350571,0.933179,0.762895,0.000000,0.360955,0.600000
0.420000,0.404100,1.090082,0.846631,0.000000,0.305842,0.600000
0.420000,0.451860,1.098723,0.871445,0.000000,0.283495,0.600000
0.420000,0.483265,1.122452,0.940070,0.000000,0.194248,0.575444
0.420000,0.533872,1.126086,0.950583,0.000000,0.184480,0.557173
0.420000,0.536458,1.127657,0.963376,0.000000,0.185434,0.558244
0.420000,0.545215,1.129156,0.958855,0.000000,0.184110,0.552556
0.420000,0.533174,1.129034,0.951944,0.000000,0.191286,0.562328
0.420000,0.543160,1.128655,0.939342,0.000000,0.199465,0.572432
0.420000,0.550947,1.127584,0.921519,0.000000,0.210545,0.584117
0.420000,0.558734,1.126961,0.849644,0.000000,0.219063,0.564220
0.420000,0.566519,1.125400,0.768522,0.000000,0.231226,0.542755
0.420000,0.523457,1.119074,0.752298,0.000000,0.261048,0.564572
0.420000,0.579063,0.998254,0.740830,0.000000,0.260294,0.591036
0.420000,0.584670,0.943647,0.737443,0.000000,0.249007,0.590332
0.420000,0.590272,0.912390,0.680076,0.000000,0.296958,0.557392
0.420000,0.577738,0.904628,0.629400,0.000000,0.323520,0.517738
0.420000,0.565633,0.879702,0.601980,0.000000,0.313317,0.497174
0.420000,0.596499,0.724672,0.656760,0.000000,0.293568,0.499414
0.420000,0.546993,0.424673,0.356760,0.000000,0.322927,0.324279
0.420000,0.547497,0.125174,0.315874,0.000000,0.122755,0.288608
0.420000,0.597995,0.078065,0.262544,0.000000,0.087048,0.248750
0.420000,0.598745,0.061426,0.230875,0.000000,0.074007,0.208471
0.420000,0.599494,0.045967,0.200711,0.000000,0.061850,0.174583
0.420000,0.600247,0.034587,0.175611,0.000000,0.052752,0.164225
0.440000,0.503102,0.583134,0.276162,0.000000,0.250144,0.228230
0.440000,0.505640,0.584464,0.274161,0.000000,0.245608,0.231542
0.440000,0.519611,0.610200,0.276469,0.000000,0.240053,0.248540
0.440000,0.471918,0.504611,0.255682,0.000000,0.240096,0.191761
0.440000,0.522509,0.608266,0.271671,0.000000,0.231192,0.252555
0.440000,0.506519,0.572820,0.262817,0.000000,0.229407,0.233946
0.440000,0.504794,0.527479,0.250309,0.000000,0.228882,0.212343
0.440000,0.499554,0.515016,0.245526,0.000000,0.226153,0.206607
0.440000,0.495381,0.504830,0.241144,0.000000,0.223327,0.202150
0.440000,0.491839,0.496633,0.240825,0.000000,0.221006,0.201347
0.440000,0.512867,0.371999,0.278733,0.000000,0.210739,0.225757
0.440000,0.537585,0.072000,0.209972,0.000000,0.075375,0.176931
0.440000,0.425200,-0.228000,-0.090028,0.000000,0.000000,0.098704
0.440000,0.424950,-0.227250,-0.094438,0.000000,0.000000,0.098694
0.440000,0.421100,-0.226500,-0.095388,0.000000,0.000000,0.095623
0.440000,0.417250,-0.225750,-0.092114,0.000000,0.000000,0.107814
0.440000,0.413400,-0.225000,-0.092732,0.000000,0.000000,0.105938
0.440000,0.407666,-0.217913,-0.069740,0.000000,0.000000,0.112484
0.440000,0.535678,0.082087,0.230260,0.000000,0.062863,0.183824
0.440000,0.504062,0.382087,0.312160,0.000000,0.217718,0.223800
0.440000,0.477575,0.486494,0.285859,0.000000,0.234817,0.191219
0.440000,0.483944,0.516038,0.299921,0.000000,0.249687,0.190143
0.440000,0.485223,0.534716,0.312487,0.000000,0.265173,0.182639
0.440000,0.493370,0.568027,0.327611,0.000000,0.280032,0.183351
0.440000,0.527090,0.610924,0.342250,0.000000,0.295414,0.192290
0.440000,0.515108,0.600462,0.361382,0.000000,0.311081,0.192700
0.440000,0.501313,0.586191,0.380358,0.000000,0.327136,0.190551
0.440000,0.491169,0.584625,0.400256,0.000000,0.330576,0.193612
0.440000,0.475544,0.579454,0.417414,0.000000,0.314264,0.191483
0.440000,0.479996,0.650325,0.470166,0.000000,0.356199,0.217472
0.440000,0.463864,0.723178,0.524819,0.000000,0.402600,0.243831
0.440000,0.454227,0.808506,0.581659,0.000000,0.448225,0.277242
0.440000,0.477722,0.890860,0.632162,0.000000,0.479096,0.311433
0.440000,0.466703,0.974150,0.684809,0.000000,0.501103,0.347669
0.440000,0.452047,1.020797,0.728034,0.000000,0.524704,0.366622
0.440000,0.437403,1.111738,0.809356,0.000000,0.483667,0.436122
0.440000,0.422789,1.201757,0.882710,0.000000,0.465558,0.496956
0.440000,0.409394,1.249527,0.927730,0.000000,0.479241,0.522802
0.440000,0.396000,1.330274,0.979926,0.000000,0.488625,0.568067
0.440000,0.406470,1.417010,1.017604,0.000000,0.293693,0.600000
0.440000,0.425928,1.421194,1.076271,0.000000,0.290835,0.600000
0.440000,0.429368,1.398340,1.094012,0.000000,0.372310,0.600000
0.440000,0.351801,1.098340,0.997548,0.000000,0.570141,0.558582
0.440000,0.390921,0.890069,1.025427,0.000000,0.467246,0.599998
0.440000,0.375902,0.885734,1.043417,0.000000,0.466174,0.599996
0.440000,0.336030,0.858630,1.048183,0.000000,0.446150,0.578635
0.440000,0.330364,0.783736,1.056531,0.000000,0.390899,0.587134
0.440000,0.346715,0.483737,1.069088,0.000000,0.167294,0.599999
0.440000,0.480505,0.183737,0.852181,0.000000,0.000001,0.600000
0.440000,0.512778,0.160951,0.910392,0.000000,0.081738,0.600000
0.440000,0.492454,0.178050,0.917538,0.000000,0.102547,0.600000
0.440000,0.445868,0.184347,1.023496,0.000000,0.118946,0.600000
0.440000,0.466866,0.230822,1.039766,0.000000,0.104078,0.600000
0.440000,0.471579,0.229617,1.137610,0.000000,0.090839,0.600000
0.440000,0.477445,0.191822,1.068738,0.000000,0.157177,0.600000
0.440000,0.492747,0.185463,1.083411,0.000000,0.166571,0.600000
0.440000,0.492515,0.178596,1.084164,0.000000,0.175584,0.600000
0.440000,0.468956,0.159818,1.054595,0.000000,0.174726,0.600000
0.440000,0.468395,0.143193,1.024848,0.000000,0.175483,0.600000
0.440000,0.495272,0.135497,0.901339,0.000000,0.182937,0.600000
0.440000,0.473711,0.180106,0.938305,0.000000,0.079619,0.600000
0.440000,0.460060,0.162127,0.921119,0.000000,0.079361,0.600000
0.440000,0.466784,0.149116,0.859737,0.000000,0.082781,0.600000
0.440000,0.474569,0.135698,0.813091,0.000000,0.084853,0.600000
0.440000,0.465613,0.118844,0.793752,0.000000,0.084349,0.600000
0.440000,0.451075,0.151768,0.732328,0.000000,0.119303,0.600000
0.440000,0.352931,0.451768,0.797745,0.000000,0.344303,0.600000
0.440000,0.362974,0.751767,0.787248,0.000000,0.523618,0.600000
0.440000,0.337535,0.975139,0.780258,0.000000,0.419143,0.600000
0.440000,0.340347,0.946821,0.782101,0.000000,0.410826,0.600000
0.440000,0.352554,0.925762,0.769425,0.000000,0.404889,0.600000
0.440000,0.350235,0.909218,0.762895,0.000000,0.399757,0.600000
0.440000,0.402809,1.085017,0.852721,0.000000,0.321181,0.600000
0.440000,0.450308,1.094606,0.876884,0.000000,0.297067,0.600000
0.440000,0.489304,1.121469,0.934512,0.000000,0.199152,0.583263
0.440000,0.539499,1.125235,0.945339,0.000000,0.188961,0.564910
0.440000,0.542299,1.126785,0.957920,0.000000,0.189993,0.566270
0.440000,0.551006,1.128286,0.953452,0.000000,0.188693,0.560620
0.440000,0.533180,1.129033,0.951938,0.000000,0.191291,0.562336
0.440000,0.543161,1.128655,0.939342,0.000000,0.199465,0.572432
0.440000,0.550947,1.126670,0.922079,0.000000,0.214744,0.592497
0.440000,0.558734,1.124506,0.851372,0.000000,0.229722,0.582284
0.440000,0.566514,1.122353,0.770878,0.000000,0.243690,0.560034
0.440000,0.526306,1.118181,0.750300,0.000000,0.264330,0.567482
0.440000,0.579061,1.004589,0.734186,0.000000,0.288703,0.599997
0.440000,0.584666,0.950508,0.730280,0.000000,0.275924,0.599994
0.440000,0.590272,0.912390,0.680075,0.000000,0.296959,0.557391
0.440000,0.577899,0.904526,0.629351,0.000000,0.323543,0.517701
0.440000,0.565797,0.879591,0.601937,0.000000,0.313329,0.497142
0.440000,0.596173,0.750324,0.630604,0.000000,0.293755,0.498361
0.440000,0.546994,0.450325,0.366674,0.000000,0.320823,0.331714
0.440000,0.547497,0.182046,0.340540,0.000000,0.165409,0.307108
0.440000,0.597995,0.164389,0.284238,0.000000,0.151791,0.265020
0.440000,0.598745,0.147738,0.252514,0.000000,0.138740,0.224700
0.440000,0.599494,0.132269,0.222299,0.000000,0.126576,0.190774
0.440000,0.600247,0.120881,0.197165,0.000000,0.117473,0.180391
0.460000,0.511617,0.577617,0.274053,0.000000,0.250853,0.226649
0.460000,0.514159,0.578945,0.272052,0.000000,0.246317,0.229961
0.460000,0.528131,0.604677,0.274361,0.000000,0.240762,0.246959
0.460000,0.480444,0.499089,0.253568,0.000000,0.240807,0.190176
0.460000,0.531036,0.602738,0.269562,0.000000,0.231901,0.250974
0.460000,0.515050,0.567291,0.260706,0.000000,0.230117,0.232363
0.460000,0.508303,0.525215,0.249446,0.000000,0.229177,0.211696
0.460000,0.503065,0.512751,0.244662,0.000000,0.226448,0.205960
0.460000,0.498895,0.502564,0.240279,0.000000,0.223623,0.201502
0.460000,0.495355,0.494366,0.239960,0.000000,0.221302,0.200698
0.460000,0.497878,0.371501,0.251961,0.000000,0.216073,0.205680
0.460000,0.518697,0.072000,0.207248,0.000000,0.075375,0.174888
0.460000,0.425200,-0.228000,-0.092752,0.000000,0.000000,0.102428
0.460000,0.424950,-0.227250,-0.094438,0.000000,0.000000,0.098695
0.460000,0.421100,-0.226500,-0.095388,0.000000,0.000000,0.095623
0.460000,0.417250,-0.225750,-0.092114,0.000000,0.000000,0.107814
0.460000,0.413400,-0.225000,-0.092732,0.000000,0.000000,0.105938
0.460000,0.407666,-0.217913,-0.077876,0.000000,0.000000,0.123614
0.460000,0.517725,0.082087,0.222124,0.000000,0.062864,0.177722
0.460000,0.489111,0.382087,0.285362,0.000000,0.223064,0.203703
0.460000,0.481102,0.484221,0.284990,0.000000,0.235114,0.190567
0.460000,0.487469,0.513766,0.299053,0.000000,0.249983,0.189491
0.460000,0.488745,0.532446,0.311619,0.000000,0.265468,0.181988
0.460000,0.496888,0.565759,0.326744,0.000000,0.280327,0.182701
0.460000,0.524533,0.612564,0.342875,0.000000,0.295198,0.192758
0.460000,0.512555,0.602098,0.362007,0.000000,0.310866,0.193169
0.460000,0.498756,0.587829,0.380985,0.000000,0.326922,0.191021
0.460000,0.488752,0.586039,0.400984,0.000000,0.331643,0.194158
0.460000,0.473130,0.580865,0.418141,0.000000,0.315325,0.192028
0.460000,0.479999,0.650323,0.470165,0.000000,0.356200,0.217471
0.460000,0.463864,0.723177,0.524819,0.000000,0.402605,0.243831
0.460000,0.454226,0.808506,0.581660,0.000000,0.448230,0.277242
0.460000,0.477723,0.890859,0.632161,0.000000,0.479097,0.311433
0.460000,0.466703,0.974150,0.684809,0.000000,0.501104,0.347668
0.460000,0.452048,1.020796,0.728033,0.000000,0.524705,0.366621
0.460000,0.437403,1.111738,0.809356,0.000000,0.483668,0.436122
0.460000,0.422789,1.205283,0.879092,0.000000,0.473097,0.494242
0.460000,0.409395,1.253067,0.924093,0.000000,0.487004,0.520075
0.460000,0.396000,1.330281,0.979919,0.000000,0.488645,0.568061
0.460000,0.407044,1.414631,1.019305,0.000000,0.301330,0.600000
0.460000,0.426457,1.418987,1.077852,0.000000,0.298001,0.600000
0.460000,0.428306,1.402082,1.091368,0.000000,0.362844,0.600000
0.460000,0.351800,1.102082,0.997071,0.000000,0.567818,0.558224
0.460000,0.383662,0.963196,1.025429,0.000000,0.522092,0.600000
0.460000,0.368653,0.958894,1.043423,0.000000,0.521044,0.599999
0.460000,0.326854,0.930095,1.054016,0.000000,0.499749,0.583010
0.460000,0.325511,0.783738,1.069726,0.000000,0.390901,0.597029
0.460000,0.346715,0.483738,1.069090,0.000000,0.167294,0.600000
0.460000,0.480505,0.183738,0.852182,0.000000,0.000000,0.600000
0.460000,0.512778,0.168612,0.909802,0.000000,0.070652,0.600000
0.460000,0.492452,0.193531,0.916341,0.000000,0.080136,0.600000
0.460000,0.445868,0.210270,1.021430,0.000000,0.081411,0.600000
0.460000,0.465762,0.264184,1.039766,0.000000,0.055338,0.600000
0.460000,0.471579,0.259938,1.135179,0.000000,0.047139,0.600000
0.460000,0.477678,0.191882,1.068175,0.000000,0.157222,0.600000
0.460000,0.493023,0.185532,1.082746,0.000000,0.166623,0.600000
0.460000,0.492799,0.178668,1.083480,0.000000,0.175638,0.600000
0.460000,0.469158,0.159870,1.054106,0.000000,0.174765,0.600000
0.460000,0.468395,0.143193,1.024848,0.000000,0.175483,0.600000
0.460000,0.495272,0.135497,0.901340,0.000000,0.182937,0.600000
0.460000,0.473732,0.180112,0.938256,0.000000,0.079623,0.600000
0.460000,0.460038,0.162122,0.921170,0.000000,0.079356,0.600000
0.460000,0.466784,0.149116,0.859737,0.000000,0.082781,0.600000
0.460000,0.474571,0.135698,0.813086,0.000000,0.084853,0.600000
0.460000,0.467372,0.119288,0.789768,0.000000,0.084682,0.600000
0.460000,0.453979,0.131697,0.734321,0.000000,0.104250,0.600000
0.460000,0.352932,0.431697,0.797745,0.000000,0.329250,0.600000
0.460000,0.360822,0.731697,0.787248,0.000000,0.523492,0.600000
0.460000,0.339525,0.866622,0.780258,0.000000,0.429512,0.600000
0.460000,0.340345,0.850854,0.782101,0.000000,0.425587,0.600000
0.460000,0.352553,0.840516,0.769425,0.000000,0.423584,0.600000
0.460000,0.350399,0.840132,0.762894,0.000000,0.424600,0.600000
0.460000,0.401234,1.080464,0.858629,0.000000,0.334308,0.600000
0.460000,0.448495,1.090913,0.882196,0.000000,0.308690,0.600000
0.460000,0.494096,1.120673,0.930156,0.000000,0.203027,0.589282
0.460000,0.543968,1.124547,0.941222,0.000000,0.192500,0.570877
0.460000,0.546941,1.126082,0.953633,0.000000,0.193592,0.572459
0.460000,0.555609,1.127584,0.949205,0.000000,0.192313,0.566843
0.460000,0.538510,1.128195,0.947029,0.000000,0.195545,0.569489
0.460000,0.543161,1.128655,0.939342,0.000000,0.199465,0.572433
0.460000,0.550947,1.126670,0.922078,0.000000,0.214744,0.592500
0.460000,0.558734,1.122329,0.853009,0.000000,0.238757,0.597569
0.460000,0.564861,1.119736,0.774584,0.000000,0.253877,0.574680
0.460000,0.531346,1.116574,0.746814,0.000000,0.270130,0.572508
0.460000,0.579058,1.004555,0.734185,0.000000,0.297640,0.599999
0.460000,0.584666,0.950971,0.729777,0.000000,0.284561,0.599620
0.460000,0.590274,0.912390,0.680074,0.000000,0.296960,0.557391
0.460000,0.581299,0.902322,0.628382,0.000000,0.323941,0.516975
0.460000,0.569240,0.877282,0.601033,0.000000,0.313591,0.496465
0.460000,0.589328,0.784614,0.601877,0.000000,0.293926,0.497024
0.460000,0.546995,0.484614,0.392751,0.000000,0.315163,0.351273
0.460000,0.547495,0.261663,0.360702,0.000000,0.225122,0.322229
0.460000,0.597995,0.243991,0.304331,0.000000,0.211493,0.280090
0.460000,0.598745,0.227331,0.272555,0.000000,0.198435,0.239731
0.460000,0.599495,0.211852,0.242294,0.000000,0.186263,0.205770
0.460000,0.600246,0.200458,0.217128,0.000000,0.177156,0.195363
0.480000,0.522696,0.570465,0.271327,0.000000,0.251782,0.224604
0.480000,0.525241,0.571789,0.269325,0.000000,0.247246,0.227915
0.480000,0.539216,0.597517,0.271636,0.000000,0.241691,0.244916
0.480000,0.491535,0.491932,0.250835,0.000000,0.241738,0.188126
0.480000,0.542128,0.595573,0.266836,0.000000,0.232831,0.248930
0.480000,0.526147,0.560125,0.257976,0.000000,0.231048,0.230316
0.480000,0.504264,0.420204,0.233332,0.000000,0.231988,0.199610
0.480000,0.499711,0.414394,0.229514,0.000000,0.229119,0.194599
0.480000,0.496015,0.408804,0.225800,0.000000,0.226198,0.190642
0.480000,0.492779,0.403540,0.225907,0.000000,0.223814,0.190158
0.480000,0.487554,0.371498,0.227104,0.000000,0.221215,0.187037
0.480000,0.504298,0.072000,0.207248,0.000000,0.075375,0.174888
0.480000,0.425200,-0.228000,-0.092752,0.000000,0.000000,0.102428
0.480000,0.424950,-0.227250,-0.094438,0.000000,0.000000,0.098695
0.480000,0.421100,-0.226500,-0.095388,0.000000,0.000000,0.095623
0.480000,0.417250,-0.225750,-0.092114,0.000000,0.000000,0.107814
0.480000,0.413400,-0.225000,-0.092732,0.000000,0.000000,0.105938
0.480000,0.407666,-0.217913,-0.077877,0.000000,0.000000,0.123616
0.480000,0.503364,0.082087,0.222123,0.000000,0.062864,0.177721
0.480000,0.478834,0.382082,0.260505,0.000000,0.228209,0.185060
0.480000,0.479413,0.401764,0.272138,0.000000,0.237431,0.180929
0.480000,0.485103,0.424666,0.285231,0.000000,0.252435,0.179125
0.480000,0.486702,0.446466,0.298240,0.000000,0.267841,0.171954
0.480000,0.493820,0.469690,0.311893,0.000000,0.282903,0.171562
0.480000,0.525524,0.611928,0.342632,0.000000,0.295283,0.192576
0.480000,0.513543,0.601464,0.361764,0.000000,0.310950,0.192987
0.480000,0.499748,0.587193,0.380741,0.000000,0.327007,0.190839
0.480000,0.489693,0.585488,0.400701,0.000000,0.331229,0.193945
0.480000,0.474073,0.580314,0.417857,0.000000,0.314911,0.191816
0.480000,0.479999,0.650324,0.470165,0.000000,0.356199,0.217471
0.480000,0.463864,0.723177,0.524819,0.000000,0.402604,0.243831
0.480000,0.454225,0.808506,0.581660,0.000000,0.448231,0.277242
0.480000,0.477724,0.890858,0.632161,0.000000,0.479098,0.311433
0.480000,0.466703,0.974150,0.684809,0.000000,0.501105,0.347668
0.480000,0.452048,1.020796,0.728033,0.000000,0.524705,0.366621
0.480000,0.437403,1.111738,0.809356,0.000000,0.483668,0.436122
0.480000,0.422785,1.201342,0.883140,0.000000,0.464682,0.497279
0.480000,0.409394,1.249112,0.928156,0.000000,0.478349,0.523122
0.480000,0.396000,1.330277,0.979923,0.000000,0.488632,0.568065
0.480000,0.409735,1.413288,1.017826,0.000000,0.305546,0.600000
0.480000,0.429114,1.417744,1.076312,0.000000,0.301953,0.600000
0.480000,0.429840,1.405036,1.086844,0.000000,0.355163,0.600000
0.480000,0.351800,1.105036,0.998228,0.000000,0.550180,0.559092
0.480000,0.376924,1.031775,1.025429,0.000000,0.573525,0.600000
0.480000,0.361924,1.027502,1.043422,0.000000,0.572500,0.599999
0.480000,0.318008,0.996832,1.060443,0.000000,0.549801,0.587830
0.480000,0.319622,0.828742,1.073683,0.000000,0.424654,0.599998
0.480000,0.342103,0.528742,1.069090,0.000000,0.201047,0.600000
0.480000,0.477979,0.228742,0.844144,0.000000,0.000000,0.600000
0.480000,0.512778,0.172350,0.909515,0.000000,0.065246,0.600000
0.480000,0.492452,0.197264,0.916053,0.000000,0.074740,0.600000
0.480000,0.445868,0.213845,1.021147,0.000000,0.076247,0.600000
0.480000,0.465710,0.265796,1.039766,0.000000,0.052990,0.600000
0.480000,0.471579,0.259937,1.135179,0.000000,0.047141,0.600000
0.480000,0.477675,0.191881,1.068183,0.000000,0.157221,0.600000
0.480000,0.493061,0.185542,1.082654,0.000000,0.166630,0.600000
0.480000,0.492845,0.178680,1.083368,0.000000,0.175647,0.600000
0.480000,0.469125,0.159861,1.054187,0.000000,0.174759,0.600000
0.480000,0.468395,0.143193,1.024848,0.000000,0.175483,0.600000
0.480000,0.495271,0.135497,0.901341,0.000000,0.182937,0.600000
0.480000,0.473748,0.180116,0.938217,0.000000,0.079627,0.600000
0.480000,0.460023,0.162118,0.921206,0.000000,0.079354,0.600000
0.480000,0.466784,0.149116,0.859736,0.000000,0.082781,0.600000
0.480000,0.474571,0.135698,0.813086,0.000000,0.084854,0.600000
0.480000,0.471657,0.120365,0.780090,0.000000,0.085490,0.600000
0.480000,0.454793,0.103516,0.742569,0.000000,0.093375,0.600000
0.480000,0.356500,0.403516,0.797746,0.000000,0.318375,0.600000
0.480000,0.360870,0.703515,0.787247,0.000000,0.523362,0.600000
0.480000,0.339602,0.839006,0.780258,0.000000,0.471630,0.600000
0.480000,0.340346,0.828358,0.782101,0.000000,0.470454,0.600000
0.480000,0.352553,0.817962,0.769425,0.000000,0.468798,0.600000
0.480000,0.350272,0.817072,0.762894,0.000000,0.470640,0.600000
0.480000,0.400875,1.077951,0.861405,0.000000,0.341308,0.600000
0.480000,0.448003,1.088876,0.884641,0.000000,0.314896,0.600000
0.480000,0.497742,1.120059,0.926873,0.000000,0.205969,0.593757
0.480000,0.547371,1.124016,0.938115,0.000000,0.195185,0.575320
0.480000,0.550476,1.125539,0.950396,0.000000,0.196322,0.577068
0.480000,0.559118,1.127041,0.945997,0.000000,0.195059,0.571478
0.480000,0.543269,1.127434,0.942692,0.000000,0.199324,0.575697
0.480000,0.544096,1.128501,0.938496,0.000000,0.200218,0.573643
0.480000,0.550947,1.126670,0.922078,0.000000,0.214744,0.592500
0.480000,0.558734,1.120873,0.854349,0.000000,0.244605,0.599998
0.480000,0.562971,1.118313,0.777590,0.000000,0.259240,0.582841
0.480000,0.534088,1.115683,0.744943,0.000000,0.273283,0.575178
0.480000,0.579058,1.004570,0.734185,0.000000,0.293872,0.599999
0.480000,0.584666,0.950489,0.730278,0.000000,0.280868,0.599995
0.480000,0.590274,0.912390,0.680074,0.000000,0.296960,0.557391
0.480000,0.585095,0.899779,0.627388,0.000000,0.324232,0.516229
0.480000,0.573041,0.874736,0.600038,0.000000,0.313882,0.495718
0.480000,0.581732,0.810140,0.583008,0.000000,0.297363,0.485035
0.480000,0.546995,0.510640,0.417318,0.000000,0.309846,0.369697
0.480000,0.547496,0.335316,0.379429,0.000000,0.280359,0.336274
0.480000,0.597995,0.317632,0.322994,0.000000,0.266723,0.294087
0.480000,0.598745,0.300962,0.291171,0.000000,0.253657,0.253693
0.480000,0.599494,0.285474,0.260866,0.000000,0.241479,0.219699
0.480000,0.600247,0.274075,0.235670,0.000000,0.232367,0.209269
0.500000,0.533924,0.563246,0.268583,0.000000,0.252732,0.222546
0.500000,0.536472,0.564567,0.266581,0.000000,0.248197,0.225857
0.500000,0.550451,0.590291,0.268894,0.000000,0.242642,0.242859
0.500000,0.502777,0.484709,0.248084,0.000000,0.242691,0.186063
0.500000,0.553370,0.588341,0.264093,0.000000,0.233782,0.246872
0.500000,0.537393,0.552892,0.255230,0.000000,0.232000,0.228256
0.500000,0.500048,0.310987,0.216648,0.000000,0.235113,0.187098
0.500000,0.495496,0.305177,0.212835,0.000000,0.232250,0.182090
0.500000,0.491801,0.299585,0.209126,0.000000,0.229333,0.178137
0.500000,0.488567,0.294320,0.209236,0.000000,0.226953,0.177655
0.500000,0.482303,0.288279,0.208989,0.000000,0.224766,0.173450
0.500000,0.491948,0.072000,0.207247,0.000000,0.075375,0.174887
0.500000,0.425200,-0.228000,-0.092752,0.000000,0.000000,0.102428
0.500000,0.424950,-0.227250,-0.094438,0.000000,0.000000,0.098695
0.500000,0.421100,-0.226500,-0.095388,0.000000,0.000000,0.095623
0.500000,0.417250,-0.225750,-0.092114,0.000000,0.000000,0.107814
0.500000,0.413400,-0.225000,-0.092732,0.000000,0.000000,0.105938
0.500000,0.407666,-0.217913,-0.077877,0.000000,0.000000,0.123616
0.500000,0.491048,0.082087,0.222122,0.000000,0.062863,0.177721
0.500000,0.473412,0.296898,0.243475,0.000000,0.211833,0.172287
0.500000,0.473988,0.313832,0.255676,0.000000,0.212398,0.168582
0.500000,0.479421,0.341267,0.268803,0.000000,0.221397,0.166804
0.500000,0.480709,0.368537,0.281855,0.000000,0.229562,0.159665
0.500000,0.487557,0.396549,0.295543,0.000000,0.238283,0.159300
0.500000,0.527186,0.610863,0.342226,0.000000,0.295424,0.192272
0.500000,0.515203,0.600401,0.361358,0.000000,0.311091,0.192682
0.500000,0.501412,0.586127,0.380334,0.000000,0.327149,0.190533
0.500000,0.491269,0.584566,0.400227,0.000000,0.330536,0.193590
0.500000,0.475650,0.579392,0.417382,0.000000,0.314219,0.191460
0.500000,0.479998,0.650324,0.470165,0.000000,0.356199,0.217471
0.500000,0.463864,0.723178,0.524819,0.000000,0.402603,0.243832
0.500000,0.454224,0.808507,0.581661,0.000000,0.448233,0.277243
0.500000,0.477725,0.890858,0.632161,0.000000,0.479099,0.311433
0.500000,0.466703,0.974150,0.684809,0.000000,0.501105,0.347668
0.500000,0.452048,1.020797,0.728033,0.000000,0.524706,0.366621
0.500000,0.437403,1.111738,0.809356,0.000000,0.483668,0.436122
0.500000,0.422760,1.197262,0.887360,0.000000,0.456244,0.500444
0.500000,0.409394,1.245003,0.932386,0.000000,0.469675,0.526294
0.500000,0.396000,1.326864,0.983440,0.000000,0.481314,0.570703
0.500000,0.414710,1.412548,1.013420,0.000000,0.307843,0.600000
0.500000,0.434058,1.417059,1.071884,0.000000,0.304106,0.600000
0.500000,0.433484,1.409199,1.078968,0.000000,0.344005,0.600000
0.500000,0.351800,1.109200,0.998067,0.000000,0.543794,0.558972
0.500000,0.373481,1.067072,1.025429,0.000000,0.599998,0.600000
0.500000,0.358355,1.064167,1.043422,0.000000,0.599998,0.599999
0.500000,0.309857,1.058808,1.066440,0.000000,0.596283,0.592330
0.500000,0.316670,0.858823,1.073684,0.000000,0.447214,0.599999
0.500000,0.339037,0.558823,1.069090,0.000000,0.223608,0.600000
0.500000,0.473837,0.258823,0.844144,0.000000,0.000002,0.600000
0.500000,0.512778,0.173825,0.909402,0.000000,0.063115,0.600000
0.500000,0.492453,0.198734,0.915940,0.000000,0.072615,0.600000
0.500000,0.445868,0.215183,1.021041,0.000000,0.074315,0.600000
0.500000,0.465725,0.265313,1.039766,0.000000,0.053694,0.600000
0.500000,0.471579,0.259934,1.135179,0.000000,0.047146,0.600000
0.500000,0.477656,0.191876,1.068228,0.000000,0.157217,0.600000
0.500000,0.493083,0.185547,1.082600,0.000000,0.166634,0.600000
0.500000,0.492875,0.178687,1.083295,0.000000,0.175652,0.600000
0.500000,0.469076,0.159849,1.054303,0.000000,0.174749,0.600000
0.500000,0.468395,0.143193,1.024848,0.000000,0.175483,0.600000
0.500000,0.489499,0.134060,0.914583,0.000000,0.181859,0.600000
0.500000,0.476649,0.180847,0.931426,0.000000,0.080175,0.600000
0.500000,0.462894,0.162846,0.914467,0.000000,0.079900,0.600000
0.500000,0.466784,0.149116,0.859736,0.000000,0.082782,0.600000
0.500000,0.474571,0.135698,0.813086,0.000000,0.084854,0.600000
0.500000,0.472241,0.120511,0.778775,0.000000,0.085600,0.600000
0.500000,0.454793,0.080003,0.752239,0.000000,0.075741,0.600000
0.500000,0.359951,0.380003,0.797745,0.000000,0.300740,0.600000
0.500000,0.360357,0.668975,0.787247,0.000000,0.523195,0.600000
0.500000,0.339894,0.788404,0.780258,0.000000,0.505597,0.600000
0.500000,0.335469,0.762311,0.782101,0.000000,0.495169,0.600000
0.500000,0.342855,0.742783,0.769425,0.000000,0.487701,0.600000
0.500000,0.350201,0.773312,0.762894,0.000000,0.481728,0.600000
0.500000,0.401559,1.073311,0.865238,0.000000,0.353825,0.600000
0.500000,0.447640,1.088019,0.885824,0.000000,0.317468,0.600000
0.500000,0.501086,1.119488,0.923884,0.000000,0.208663,0.597786
0.500000,0.550495,1.123524,0.935283,0.000000,0.197643,0.579326
0.500000,0.553722,1.125036,0.947444,0.000000,0.198821,0.581223
0.500000,0.562340,1.126538,0.943071,0.000000,0.197574,0.575657
0.500000,0.547499,1.126747,0.938875,0.000000,0.202669,0.581082
0.500000,0.548375,1.127793,0.934648,0.000000,0.203652,0.579098
0.500000,0.550947,1.126670,0.922078,0.000000,0.214744,0.592500
0.500000,0.558734,1.120091,0.855105,0.000000,0.247683,0.599998
0.500000,0.561588,1.117633,0.779496,0.000000,0.261759,0.586912
0.500000,0.535150,1.115335,0.744224,0.000000,0.274506,0.576200
0.500000,0.579058,1.004586,0.734186,0.000000,0.290052,0.599998
0.500000,0.584666,0.950502,0.730281,0.000000,0.277220,0.599996
0.500000,0.590273,0.912390,0.680074,0.000000,0.296960,0.557391
0.500000,0.588560,0.897463,0.626482,0.000000,0.324498,0.515549
0.500000,0.576509,0.872416,0.599132,0.000000,0.314147,0.495039
0.500000,0.574798,0.832342,0.567046,0.000000,0.300848,0.473063
0.500000,0.546994,0.532843,0.440305,0.000000,0.304899,0.386938
0.500000,0.547497,0.431369,0.396849,0.000000,0.294511,0.349339
0.500000,0.597995,0.407763,0.340361,0.000000,0.288775,0.307112
0.500000,0.598745,0.385170,0.308497,0.000000,0.283618,0.266688
0.500000,0.599494,0.364829,0.278156,0.000000,0.277921,0.232666
0.500000,0.600247,0.352615,0.252932,0.000000,0.269889,0.222216
0.520000,0.544906,0.556212,0.265920,0.000000,0.253669,0.220549
0.520000,0.547458,0.557531,0.263917,0.000000,0.249134,0.223860
0.520000,0.561439,0.583251,0.266232,0.000000,0.243579,0.240862
0.520000,0.513773,0.477670,0.245413,0.000000,0.243630,0.184060
0.520000,0.564366,0.581294,0.261430,0.000000,0.234720,0.244875
0.520000,0.549441,0.543457,0.254031,0.000000,0.232636,0.227356
0.520000,0.494803,0.243966,0.201103,0.000000,0.206223,0.175439
0.520000,0.490369,0.233300,0.197834,0.000000,0.197848,0.170839
0.520000,0.486629,0.228505,0.194137,0.000000,0.193877,0.166895
0.520000,0.483341,0.224177,0.194259,0.000000,0.190256,0.166423
0.520000,0.477002,0.219447,0.194028,0.000000,0.186334,0.162230
0.520000,0.481012,0.072000,0.207217,0.000000,0.075374,0.174865
0.520000,0.425200,-0.228000,-0.092752,0.000000,0.000000,0.102428
0.520000,0.424950,-0.227250,-0.094438,0.000000,0.000000,0.098695
0.520000,0.421100,-0.226500,-0.095388,0.000000,0.000000,0.095623
0.520000,0.417250,-0.225750,-0.092114,0.000000,0.000000,0.107814
0.520000,0.413400,-0.225000,-0.092732,0.000000,0.000000,0.105938
0.520000,0.407666,-0.217913,-0.077877,0.000000,0.000000,0.123616
0.520000,0.480136,0.082087,0.222121,0.000000,0.062863,0.177720
0.520000,0.467775,0.234420,0.228572,0.000000,0.164977,0.161110
0.520000,0.468361,0.251353,0.240767,0.000000,0.165540,0.157400
0.520000,0.473805,0.278782,0.253882,0.000000,0.174534,0.155613
0.520000,0.475104,0.306047,0.266923,0.000000,0.182695,0.148466
0.520000,0.481963,0.334058,0.280599,0.000000,0.191415,0.148092
0.520000,0.529027,0.609684,0.341777,0.000000,0.295579,0.191935
0.520000,0.517042,0.599223,0.360909,0.000000,0.311246,0.192345
0.520000,0.503253,0.584949,0.379883,0.000000,0.327303,0.190195
0.520000,0.493013,0.583547,0.399703,0.000000,0.329771,0.193197
0.520000,0.477394,0.578373,0.416858,0.000000,0.313455,0.191066
0.520000,0.479998,0.650324,0.470165,0.000000,0.356199,0.217471
0.520000,0.463863,0.723178,0.524819,0.000000,0.402603,0.243832
0.520000,0.454225,0.808506,0.581660,0.000000,0.448230,0.277243
0.520000,0.477724,0.890859,0.632161,0.000000,0.479098,0.311433
0.520000,0.466703,0.974150,0.684809,0.000000,0.501104,0.347668
0.520000,0.452048,1.020797,0.728033,0.000000,0.524705,0.366621
0.520000,0.437403,1.111738,0.809357,0.000000,0.483667,0.436122
0.520000,0.422773,1.197925,0.886666,0.000000,0.457607,0.499923
0.520000,0.409394,1.245678,0.931690,0.000000,0.471079,0.525773
0.520000,0.396000,1.327542,0.982740,0.000000,0.482752,0.570178
0.520000,0.422225,1.408696,1.009448,0.000000,0.319501,0.600000
0.520000,0.442663,1.413789,1.066230,0.000000,0.314167,0.600000
0.520000,0.441022,1.409956,1.070486,0.000000,0.341932,0.600000
0.520000,0.351800,1.109957,0.998041,0.000000,0.542623,0.558952
0.520000,0.373481,1.067082,1.025429,0.000000,0.599989,0.600000
0.520000,0.358355,1.064175,1.043422,0.000000,0.599990,0.599999
0.520000,0.307929,1.063765,1.070450,0.000000,0.599995,0.595335
0.520000,0.309664,0.930759,1.073684,0.000000,0.501166,0.599998
0.520000,0.331758,0.630760,1.069090,0.000000,0.277560,0.600000
0.520000,0.460161,0.330760,0.844144,0.000000,0.053954,0.600000
0.520000,0.512778,0.194402,0.907832,0.000000,0.033426,0.600000
0.520000,0.492452,0.219298,0.914366,0.000000,0.042951,0.600000
0.520000,0.445868,0.235528,1.019445,0.000000,0.044982,0.600000
0.520000,0.465543,0.270902,1.039766,0.000000,0.045555,0.600000
0.520000,0.471579,0.296011,1.118990,0.000000,0.074189,0.600000
0.520000,0.477679,0.191882,1.068172,0.000000,0.157222,0.600000
0.520000,0.493156,0.185566,1.082425,0.000000,0.166648,0.600000
0.520000,0.492956,0.178707,1.083100,0.000000,0.175667,0.600000
0.520000,0.469065,0.159846,1.054332,0.000000,0.174747,0.600000
0.520000,0.468395,0.143193,1.024848,0.000000,0.175483,0.600000
0.520000,0.482485,0.132307,0.930795,0.000000,0.180544,0.600000
0.520000,0.480203,0.174164,0.923734,0.000000,0.091816,0.600000
0.520000,0.466356,0.162325,0.906482,0.000000,0.082579,0.600000
0.520000,0.466784,0.124478,0.861663,0.000000,0.118558,0.600000
0.520000,0.474571,0.115568,0.814646,0.000000,0.114096,0.600000
0.520000,0.472241,0.105531,0.779929,0.000000,0.107369,0.600000
0.520000,0.454793,0.078911,0.752690,0.000000,0.074921,0.600000
0.520000,0.360112,0.378911,0.797745,0.000000,0.299921,0.600000
0.520000,0.349155,0.667880,0.787247,0.000000,0.523056,0.600000
0.520000,0.333517,0.684734,0.780257,0.000000,0.504960,0.600000
0.520000,0.328883,0.658703,0.782101,0.000000,0.494524,0.600000
0.520000,0.336269,0.639177,0.769424,0.000000,0.487030,0.600000
0.520000,0.339562,0.760344,0.762894,0.000000,0.481517,0.600000
0.520000,0.402269,1.060343,0.877225,0.000000,0.386367,0.600000
0.520000,0.445851,1.083993,0.891475,0.000000,0.329249,0.600000
0.520000,0.504587,1.117437,0.922229,0.000000,0.218051,0.599999
0.520000,0.558001,1.122320,0.928554,0.000000,0.203523,0.588678
0.520000,0.561525,1.123805,0.940430,0.000000,0.204794,0.590919
0.520000,0.570089,1.125306,0.936114,0.000000,0.203589,0.585414
0.520000,0.556258,1.125296,0.931074,0.000000,0.209559,0.591855
0.520000,0.557241,1.126294,0.926782,0.000000,0.210730,0.590016
0.520000,0.550963,1.126667,0.922065,0.000000,0.214757,0.592518
0.520000,0.558734,1.117366,0.857752,0.000000,0.258109,0.599999
0.520000,0.558458,1.115156,0.784669,0.000000,0.270724,0.599970
0.520000,0.539359,1.113938,0.741399,0.000000,0.279351,0.580201
0.520000,0.579058,1.004580,0.734186,0.000000,0.291600,0.599998
0.520000,0.584666,0.950497,0.730279,0.000000,0.278701,0.599995
0.520000,0.590274,0.912390,0.680074,0.000000,0.296960,0.557391
0.520000,0.591641,0.895403,0.625680,0.000000,0.324734,0.514948
0.520000,0.579595,0.870354,0.598329,0.000000,0.314384,0.494436
0.520000,0.568626,0.852210,0.552847,0.000000,0.303979,0.462414
0.520000,0.546999,0.552729,0.461805,0.000000,0.300301,0.403063
0.520000,0.547497,0.532953,0.413113,0.000000,0.291489,0.361537
0.520000,0.597995,0.509340,0.356571,0.000000,0.285717,0.319270
0.520000,0.598745,0.486739,0.324667,0.000000,0.280531,0.278815
0.520000,0.599494,0.466395,0.294288,0.000000,0.274806,0.244765
0.520000,0.600247,0.454188,0.269039,0.000000,0.266755,0.234296
0.540000,0.554743,0.549937,0.263550,0.000000,0.254516,0.218771
0.540000,0.557298,0.551253,0.261547,0.000000,0.249981,0.222082
0.540000,0.571281,0.576969,0.263864,0.000000,0.244426,0.239086
0.540000,0.523621,0.471391,0.243037,0.000000,0.244479,0.182278
0.540000,0.574214,0.575008,0.259061,0.000000,0.235568,0.243098
0.540000,0.565941,0.522085,0.260957,0.000000,0.231584,0.232551
0.540000,0.487976,0.222585,0.184216,0.000000,0.190188,0.162774
0.540000,0.484616,0.175924,0.184268,0.000000,0.154817,0.160665
0.540000,0.480876,0.171130,0.180575,0.000000,0.150847,0.156724
0.540000,0.477590,0.166803,0.180700,0.000000,0.147227,0.156253
0.540000,0.471252,0.162074,0.180473,0.000000,0.143304,0.152064
0.540000,0.473463,0.072000,0.188907,0.000000,0.075374,0.161133
0.540000,0.425200,-0.228000,-0.092752,0.000000,0.000000,0.102428
0.540000,0.424950,-0.227250,-0.094438,0.000000,0.000000,0.098695
0.540000,0.421100,-0.226500,-0.095388,0.000000,0.000000,0.095623
0.540000,0.417250,-0.225750,-0.092114,0.000000,0.000000,0.107814
0.540000,0.413400,-0.225000,-0.092732,0.000000,0.000000,0.105938
0.540000,0.407666,-0.217913,-0.077877,0.000000,0.000000,0.123616
0.540000,0.471419,0.082086,0.211014,0.000000,0.062863,0.169390
0.540000,0.462063,0.177041,0.215013,0.000000,0.121942,0.150941
0.540000,0.462660,0.193968,0.227202,0.000000,0.122502,0.147227
0.540000,0.468115,0.221392,0.240305,0.000000,0.131492,0.145431
0.540000,0.469425,0.248651,0.253337,0.000000,0.139649,0.138276
0.540000,0.475609,0.299807,0.264867,0.000000,0.165727,0.136293
0.540000,0.534145,0.599805,0.347142,0.000000,0.294509,0.195959
0.540000,0.518172,0.598500,0.360633,0.000000,0.311341,0.192138
0.540000,0.504384,0.584226,0.379607,0.000000,0.327399,0.189988
0.540000,0.494086,0.582920,0.399381,0.000000,0.329301,0.192956
0.540000,0.478467,0.577747,0.416536,0.000000,0.312985,0.190824
0.540000,0.479999,0.650324,0.470165,0.000000,0.356199,0.217471
0.540000,0.463863,0.723178,0.524819,0.000000,0.402603,0.243832
0.540000,0.454225,0.808506,0.581661,0.000000,0.448231,0.277242
0.540000,0.477724,0.890858,0.632161,0.000000,0.479098,0.311433
0.540000,0.466703,0.974150,0.684809,0.000000,0.501105,0.347669
0.540000,0.452048,1.020797,0.728033,0.000000,0.524705,0.366621
0.540000,0.437403,1.111739,0.809356,0.000000,0.483668,0.436122
0.540000,0.422781,1.205285,0.879098,0.000000,0.473089,0.494247
0.540000,0.409394,1.253071,0.924090,0.000000,0.487011,0.520072
0.540000,0.396000,1.330281,0.979919,0.000000,0.488642,0.568062
0.540000,0.426898,1.403807,1.009442,0.000000,0.333652,0.600000
0.540000,0.449739,1.410003,1.062691,0.000000,0.325384,0.600000
0.540000,0.446988,1.410327,1.064022,0.000000,0.340912,0.600000
0.540000,0.351800,1.110328,1.014127,0.000000,0.542053,0.571017
0.540000,0.372981,1.092104,1.025429,0.000000,0.565092,0.600000
0.540000,0.357862,1.088858,1.043423,0.000000,0.565589,0.599999
0.540000,0.305946,1.085939,1.074706,0.000000,0.569234,0.598526
0.540000,0.302148,1.008764,1.073683,0.000000,0.559669,0.599997
0.540000,0.323949,0.708764,1.069090,0.000000,0.336064,0.600000
0.540000,0.445563,0.408764,0.844144,0.000000,0.112457,0.600000
0.540000,0.512777,0.217643,0.906082,0.000000,0.000003,0.600000
0.540000,0.492452,0.246482,0.912313,0.000000,0.003877,0.600000
0.540000,0.445868,0.252733,1.018109,0.000000,0.020245,0.600000
0.540000,0.463374,0.282219,1.039766,0.000000,0.054039,0.600000
0.540000,0.471579,0.363977,1.088827,0.000000,0.125163,0.600000
0.540000,0.476885,0.191680,1.070091,0.000000,0.157071,0.600000
0.540000,0.492414,0.185379,1.084215,0.000000,0.166508,0.600000
0.540000,0.492224,0.178523,1.084865,0.000000,0.175529,0.600000
0.540000,0.468232,0.159635,1.056345,0.000000,0.174588,0.600000
0.540000,0.468395,0.143193,1.024848,0.000000,0.175483,0.600000
0.540000,0.479350,0.131521,0.938085,0.000000,0.179955,0.600000
0.540000,0.484598,0.157745,0.914910,0.000000,0.118060,0.600000
0.540000,0.470699,0.145937,0.897743,0.000000,0.108762,0.600000
0.540000,0.466784,0.109273,0.862864,0.000000,0.140704,0.600000
0.540000,0.474571,0.100375,0.815835,0.000000,0.136227,0.600000
0.540000,0.472241,0.090348,0.781109,0.000000,0.129485,0.600000
0.540000,0.454793,0.078911,0.752690,0.000000,0.074921,0.600000
0.540000,0.360112,0.378911,0.797745,0.000000,0.299921,0.600000
0.540000,0.340728,0.639114,0.787247,0.000000,0.503342,0.600000
0.540000,0.327554,0.603941,0.780257,0.000000,0.485044,0.600000
0.540000,0.322879,0.578216,0.782100,0.000000,0.474207,0.600000
0.540000,0.330296,0.558050,0.769424,0.000000,0.467540,0.600000
0.540000,0.330799,0.739151,0.762894,0.000000,0.481278,0.600000
0.540000,0.406076,1.039151,0.894598,0.000000,0.412793,0.600000
0.540000,0.445043,1.079100,0.897040,0.000000,0.342959,0.600000
0.540000,0.506859,1.115061,0.922229,0.000000,0.228429,0.600000
0.540000,0.565367,1.121109,0.922055,0.000000,0.209264,0.597501
0.540000,0.569095,1.122555,0.933756,0.000000,0.210679,0.599926
0.540000,0.577701,1.124067,0.929385,0.000000,0.209462,0.594621
0.540000,0.563556,1.123700,0.925033,0.000000,0.216872,0.599995
0.540000,0.565658,1.124807,0.919466,0.000000,0.217514,0.599899
0.540000,0.557970,1.124890,0.916511,0.000000,0.222688,0.599996
0.540000,0.558734,1.114214,0.860830,0.000000,0.269630,0.599999
0.540000,0.556680,1.111553,0.789922,0.000000,0.283225,0.599999
0.540000,0.538139,1.110819,0.745415,0.000000,0.289859,0.593527
0.540000,0.579058,1.004544,0.734185,0.000000,0.300711,0.599999
0.540000,0.584666,0.953470,0.727235,0.000000,0.287996,0.597712
0.540000,0.590274,0.912390,0.680074,0.000000,0.296961,0.557390
0.540000,0.590122,0.896418,0.626076,0.000000,0.324618,0.515245
0.540000,0.578073,0.871370,0.598725,0.000000,0.314267,0.494733
0.540000,0.566578,0.854473,0.552485,0.000000,0.304027,0.462143
0.540000,0.552087,0.641593,0.476415,0.000000,0.297905,0.414020
0.540000,0.547499,0.627714,0.428343,0.000000,0.288829,0.372959
0.540000,0.597995,0.604095,0.371751,0.000000,0.283024,0.330654
0.540000,0.598745,0.581488,0.339809,0.000000,0.277811,0.290171
0.540000,0.599493,0.561141,0.309395,0.000000,0.272061,0.256095
0.540000,0.600247,0.548940,0.284123,0.000000,0.263992,0.245609
0.560000,0.564001,0.544051,0.261333,0.000000,0.255319,0.217109
0.560000,0.566559,0.545365,0.259330,0.000000,0.250784,0.220420
0.560000,0.580545,0.571078,0.261648,0.000000,0.245228,0.237424
0.560000,0.532891,0.465501,0.240815,0.000000,0.245284,0.180611
0.560000,0.583484,0.569111,0.256845,0.000000,0.236371,0.241436
0.560000,0.577676,0.504908,0.267967,0.000000,0.229658,0.237809
0.560000,0.481563,0.205406,0.168456,0.000000,0.177304,0.150954
0.560000,0.479273,0.123002,0.171801,0.000000,0.115126,0.151315
0.560000,0.475534,0.118210,0.168112,0.000000,0.111157,0.147377
0.560000,0.472249,0.113883,0.168239,0.000000,0.107537,0.146908
0.560000,0.465913,0.109154,0.168017,0.000000,0.103615,0.142721
0.560000,0.466544,0.071999,0.171552,0.000000,0.075374,0.148116
0.560000,0.425200,-0.228000,-0.092752,0.000000,0.000000,0.102428
0.560000,0.424950,-0.227250,-0.094438,0.000000,0.000000,0.098695
0.560000,0.421100,-0.226500,-0.095388,0.000000,0.000000,0.095623
0.560000,0.417250,-0.225750,-0.092114,0.000000,0.000000,0.107814
0.560000,0.413400,-0.225000,-0.092732,0.000000,0.000000,0.105938
0.560000,0.407666,-0.217913,-0.077877,0.000000,0.000000,0.123616
0.560000,0.464525,0.082086,0.193662,0.000000,0.062863,0.156375
0.560000,0.456758,0.124119,0.202554,0.000000,0.082252,0.141596
0.560000,0.457366,0.141045,0.214736,0.000000,0.082810,0.137878
0.560000,0.462830,0.168466,0.227829,0.000000,0.091798,0.136074
0.560000,0.464151,0.195722,0.240851,0.000000,0.099952,0.128912
0.560000,0.469222,0.284662,0.248891,0.000000,0.154368,0.124311
0.560000,0.541460,0.584661,0.355886,0.000000,0.292747,0.202517
0.560000,0.519137,0.597882,0.360398,0.000000,0.311423,0.191962
0.560000,0.505351,0.583608,0.379370,0.000000,0.327480,0.189810
0.560000,0.495002,0.582384,0.399107,0.000000,0.328903,0.192750
0.560000,0.479383,0.577212,0.416260,0.000000,0.312585,0.190618
0.560000,0.480000,0.650323,0.470165,0.000000,0.356199,0.217471
0.560000,0.463864,0.723177,0.524819,0.000000,0.402605,0.243832
0.560000,0.454225,0.808506,0.581660,0.000000,0.448231,0.277242
0.560000,0.477723,0.890859,0.632161,0.000000,0.479097,0.311433
0.560000,0.466703,0.974150,0.684809,0.000000,0.501104,0.347668
0.560000,0.452048,1.020796,0.728033,0.000000,0.524705,0.366621
0.560000,0.437403,1.111739,0.809356,0.000000,0.483669,0.436121
0.560000,0.422789,1.212122,0.872092,0.000000,0.488435,0.488993
0.560000,0.409395,1.259941,0.917053,0.000000,0.502819,0.514795
0.560000,0.396000,1.330282,0.979918,0.000000,0.488646,0.568061
0.560000,0.433237,1.397234,1.009440,0.000000,0.351671,0.600000
0.560000,0.457973,1.404789,1.059423,0.000000,0.340158,0.600000
0.560000,0.454310,1.408499,1.058363,0.000000,0.345911,0.600000
0.560000,0.351800,1.138593,1.032073,0.000000,0.547912,0.584476
0.560000,0.367579,1.171809,1.025430,0.000000,0.560551,0.600000
0.560000,0.352601,1.167099,1.043423,0.000000,0.560245,0.600000
0.560000,0.303991,1.128269,1.074536,0.000000,0.544040,0.598399
0.560000,0.297078,1.061863,1.073682,0.000000,0.599493,0.599997
0.560000,0.318683,0.761863,1.069090,0.000000,0.375888,0.600000
0.560000,0.435811,0.461863,0.844144,0.000000,0.152282,0.600000
0.560000,0.512777,0.217644,0.906083,0.000000,0.000000,0.600000
0.560000,0.492452,0.246483,0.912314,0.000000,0.003876,0.600000
0.560000,0.445868,0.252734,1.018109,0.000000,0.020244,0.600000
0.560000,0.449940,0.352913,1.039766,0.000000,0.107059,0.600000
0.560000,0.471579,0.424358,1.062395,0.000000,0.170447,0.600000
0.560000,0.478658,0.192130,1.065809,0.000000,0.157408,0.600000
0.560000,0.494247,0.185841,1.079796,0.000000,0.166855,0.600000
0.560000,0.494069,0.178988,1.080418,0.000000,0.175878,0.600000
0.560000,0.469965,0.160075,1.052157,0.000000,0.174919,0.600000
0.560000,0.468395,0.143193,1.024848,0.000000,0.175483,0.600000
0.560000,0.479349,0.131521,0.938086,0.000000,0.179955,0.600000
0.560000,0.487189,0.139303,0.910433,0.000000,0.146316,0.600000
0.560000,0.473582,0.127674,0.892562,0.000000,0.136925,0.600000
0.560000,0.466784,0.094435,0.864047,0.000000,0.162365,0.600000
0.560000,0.474571,0.085554,0.817004,0.000000,0.157866,0.600000
0.560000,0.472241,0.075540,0.782269,0.000000,0.151103,0.600000
0.560000,0.454794,0.078911,0.752690,0.000000,0.074921,0.600000
0.560000,0.360112,0.378911,0.797745,0.000000,0.299921,0.600000
0.560000,0.339525,0.581698,0.787247,0.000000,0.460283,0.600000
0.560000,0.326325,0.546536,0.780257,0.000000,0.441994,0.600000
0.560000,0.321644,0.520808,0.782101,0.000000,0.431155,0.600000
0.560000,0.329059,0.500634,0.769425,0.000000,0.424482,0.600000
0.560000,0.328515,0.704928,0.762894,0.000000,0.481020,0.600000
0.560000,0.412498,1.004928,0.922798,0.000000,0.425085,0.600000
0.560000,0.443548,1.072600,0.904885,0.000000,0.360265,0.600000
0.560000,0.509912,1.111898,0.922229,0.000000,0.241513,0.600000
0.560000,0.562086,1.117964,0.920187,0.000000,0.223454,0.600000
0.560000,0.571654,1.119957,0.933700,0.000000,0.222391,0.600000
0.560000,0.583559,1.121990,0.925380,0.000000,0.218932,0.599999
0.560000,0.566454,1.120705,0.925030,0.000000,0.229941,0.600000
0.560000,0.568712,1.121722,0.919391,0.000000,0.230924,0.600000
0.560000,0.561258,1.121490,0.916508,0.000000,0.237082,0.600000
0.560000,0.558734,1.110053,0.864920,0.000000,0.284073,0.600000
0.560000,0.554230,1.106836,0.796953,0.000000,0.298735,0.600000
0.560000,0.535661,1.105941,0.752538,0.000000,0.305500,0.599999
0.560000,0.579058,1.004515,0.734185,0.000000,0.309443,0.599999
0.560000,0.584666,0.960306,0.720297,0.000000,0.297739,0.592510
0.560000,0.590274,0.912390,0.680073,0.000000,0.296962,0.557390
0.560000,0.586830,0.898619,0.626934,0.000000,0.324366,0.515889
0.560000,0.574778,0.873574,0.599584,0.000000,0.314014,0.495378
0.560000,0.563278,0.856680,0.553345,0.000000,0.303774,0.462788
0.560000,0.561971,0.728016,0.488886,0.000000,0.296236,0.423374
0.560000,0.547501,0.716318,0.442636,0.000000,0.286480,0.383679
0.560000,0.597995,0.692694,0.385996,0.000000,0.280645,0.341338
0.560000,0.598745,0.668233,0.353724,0.000000,0.275453,0.300607
0.560000,0.599494,0.599076,0.315460,0.000000,0.271004,0.260644
0.560000,0.600247,0.589837,0.290651,0.000000,0.262846,0.250505
0.580000,0.573307,0.538156,0.259117,0.000000,0.256132,0.215447
0.580000,0.575868,0.539467,0.257115,0.000000,0.251598,0.218758
0.580000,0.589857,0.565176,0.259434,0.000000,0.246042,0.235764
0.580000,0.542209,0.459601,0.238593,0.000000,0.246099,0.178945
0.580000,0.592802,0.563205,0.254630,0.000000,0.237185,0.239775
0.580000,0.575696,0.498544,0.276129,0.000000,0.224467,0.243930
0.580000,0.475876,0.198544,0.152982,0.000000,0.172158,0.139348
0.580000,0.474851,0.073981,0.160206,0.000000,0.078361,0.142618
0.580000,0.471112,0.069189,0.156521,0.000000,0.074392,0.138684
0.580000,0.467829,0.064864,0.156650,0.000000,0.070773,0.138216
0.580000,0.461495,0.060135,0.156430,0.000000,0.066851,0.134032
0.580000,0.461132,0.056199,0.156897,0.000000,0.063524,0.137125
0.580000,0.425200,-0.228000,-0.092752,0.000000,0.000000,0.102428
0.580000,0.424950,-0.227250,-0.094438,0.000000,0.000000,0.098695
0.580000,0.421100,-0.226500,-0.095388,0.000000,0.000000,0.095623
0.580000,0.417250,-0.225750,-0.092114,0.000000,0.000000,0.107814
0.580000,0.413400,-0.225000,-0.092732,0.000000,0.000000,0.105938
0.580000,0.407666,-0.217913,-0.077877,0.000000,0.000000,0.123616
0.580000,0.459347,0.059183,0.179662,0.000000,0.045686,0.145876
0.580000,0.452371,0.075097,0.190964,0.000000,0.045485,0.132904
0.580000,0.452987,0.092020,0.203142,0.000000,0.046041,0.129182
0.580000,0.458459,0.119438,0.216225,0.000000,0.055027,0.127371
0.580000,0.459789,0.146690,0.229239,0.000000,0.063178,0.120203
0.580000,0.463820,0.270753,0.234036,0.000000,0.143937,0.113170
0.580000,0.548530,0.570752,0.363663,0.000000,0.291213,0.208349
0.580000,0.520475,0.597027,0.360071,0.000000,0.311537,0.191717
0.580000,0.506689,0.582752,0.379043,0.000000,0.327595,0.189565
0.580000,0.496270,0.581644,0.398727,0.000000,0.328347,0.192465
0.580000,0.480651,0.576472,0.415880,0.000000,0.312030,0.190333
0.580000,0.480000,0.650323,0.470165,0.000000,0.356199,0.217471
0.580000,0.463864,0.723177,0.524819,0.000000,0.402605,0.243832
0.580000,0.454224,0.808507,0.581661,0.000000,0.448232,0.277243
0.580000,0.477724,0.890858,0.632161,0.000000,0.479098,0.311433
0.580000,0.466703,0.974150,0.684809,0.000000,0.501105,0.347668
0.580000,0.452048,1.020796,0.728033,0.000000,0.524706,0.366621
0.580000,0.437403,1.111740,0.809355,0.000000,0.483672,0.436120
0.580000,0.422789,1.213376,0.870812,0.000000,0.491355,0.488033
0.580000,0.409395,1.261201,0.915765,0.000000,0.505832,0.513829
0.580000,0.396000,1.330282,0.979918,0.000000,0.488646,0.568061
0.580000,0.440158,1.390128,1.009440,0.000000,0.370035,0.600000
0.580000,0.470585,1.400599,1.050774,0.000000,0.351525,0.600000
0.580000,0.466965,1.404126,1.049851,0.000000,0.357550,0.600000
0.580000,0.351800,1.225968,1.045291,0.000000,0.549020,0.594389
0.580000,0.362461,1.247655,1.025430,0.000000,0.556915,0.600000
0.580000,0.347490,1.242986,1.043423,0.000000,0.556622,0.600000
0.580000,0.308662,1.206149,1.073205,0.000000,0.542439,0.597401
0.580000,0.308025,1.108913,1.073685,0.000000,0.533313,0.599999
0.580000,0.318235,0.808913,1.069090,0.000000,0.411175,0.600000
0.580000,0.428669,0.508913,0.844144,0.000000,0.187569,0.600000
0.580000,0.511264,0.217071,0.909554,0.000000,0.000000,0.600000
0.580000,0.492451,0.246483,0.912315,0.000000,0.003875,0.600000
0.580000,0.445868,0.252735,1.018109,0.000000,0.020245,0.600000
0.580000,0.446759,0.369802,1.039766,0.000000,0.119725,0.600000
0.580000,0.471579,0.491699,1.033310,0.000000,0.220953,0.600000
0.580000,0.478932,0.192199,1.065148,0.000000,0.157460,0.600000
0.580000,0.494578,0.185925,1.079000,0.000000,0.166917,0.600000
0.580000,0.494411,0.179074,1.079595,0.000000,0.175943,0.600000
0.580000,0.470198,0.160134,1.051594,0.000000,0.174963,0.600000
0.580000,0.468395,0.143193,1.024848,0.000000,0.175483,0.600000
0.580000,0.479349,0.131521,0.938087,0.000000,0.179955,0.600000
0.580000,0.488019,0.115659,0.910433,0.000000,0.181282,0.600000
0.580000,0.474626,0.097803,0.892562,0.000000,0.181115,0.600000
0.580000,0.466784,0.081148,0.865114,0.000000,0.181803,0.600000
0.580000,0.474571,0.067765,0.818420,0.000000,0.183902,0.600000
0.580000,0.472242,0.052612,0.784083,0.000000,0.184673,0.600000
0.580000,0.454794,0.078911,0.752690,0.000000,0.074922,0.600000
0.580000,0.360112,0.378911,0.797745,0.000000,0.299921,0.600000
0.580000,0.339113,0.528446,0.787246,0.000000,0.420344,0.599999
0.580000,0.325915,0.493288,0.780257,0.000000,0.402058,0.599999
0.580000,0.321234,0.467558,0.782100,0.000000,0.391217,0.600000
0.580000,0.328648,0.447375,0.769424,0.000000,0.384538,0.600000
0.580000,0.326987,0.676087,0.762894,0.000000,0.480822,0.600000
0.580000,0.418161,0.976087,0.946560,0.000000,0.427977,0.600000
0.580000,0.442071,1.068603,0.910277,0.000000,0.370448,0.600000
0.580000,0.513274,1.108448,0.922228,0.000000,0.254975,0.600000
0.580000,0.546765,1.112200,0.920187,0.000000,0.247257,0.600000
0.580000,0.560170,1.114792,0.933700,0.000000,0.243934,0.600000
0.580000,0.571472,1.116856,0.925380,0.000000,0.240674,0.600000
0.580000,0.569594,1.117488,0.925030,0.000000,0.243153,0.600000
0.580000,0.571966,1.118388,0.919390,0.000000,0.244544,0.600000
0.580000,0.564846,1.117814,0.916508,0.000000,0.251668,0.600000
0.580000,0.558734,1.107408,0.867534,0.000000,0.292852,0.600000
0.580000,0.552097,1.103932,0.801910,0.000000,0.307859,0.600000
0.580000,0.533608,1.102717,0.757735,0.000000,0.315373,0.600000
0.580000,0.579058,1.004510,0.734185,0.000000,0.311425,0.599999
0.580000,0.584666,0.961805,0.718779,0.000000,0.299952,0.591371
0.580000,0.590274,0.912391,0.680073,0.000000,0.296963,0.557390
0.580000,0.582528,0.901499,0.628059,0.000000,0.324036,0.516733
0.580000,0.570471,0.876458,0.600710,0.000000,0.313686,0.496222
0.580000,0.558964,0.859569,0.554472,0.000000,0.303444,0.463634
0.580000,0.569677,0.809343,0.500913,0.000000,0.294693,0.432394
0.580000,0.552719,0.798204,0.455104,0.000000,0.284750,0.393030
0.580000,0.597995,0.753983,0.395881,0.000000,0.279077,0.348752
0.580000,0.598745,0.668256,0.353724,0.000000,0.275454,0.300608
0.580000,0.599493,0.599077,0.315459,0.000000,0.271004,0.260644
0.580000,0.600247,0.589837,0.290651,0.000000,0.262847,0.250505
0.600000,0.582138,0.532579,0.257028,0.000000,0.256908,0.213880
0.600000,0.584702,0.533888,0.255025,0.000000,0.252374,0.217191
0.600000,0.598689,0.559597,0.257346,0.000000,0.246818,0.234198
0.600000,0.551051,0.454020,0.236498,0.000000,0.246878,0.177373
0.600000,0.599299,0.559761,0.252430,0.000000,0.237506,0.238126
0.600000,0.573809,0.492489,0.283919,0.000000,0.219567,0.249772
0.600000,0.470590,0.192490,0.138624,0.000000,0.167617,0.128580
0.600000,0.470752,0.028489,0.149474,0.000000,0.044241,0.134569
0.600000,0.467014,0.023698,0.145792,0.000000,0.040273,0.130637
0.600000,0.463732,0.019373,0.145923,0.000000,0.036655,0.130171
0.600000,0.457400,0.014645,0.145706,0.000000,0.032734,0.125988
0.600000,0.457038,0.010708,0.146173,0.000000,0.029406,0.129082
0.600000,0.425200,-0.228000,-0.092752,0.000000,0.000000,0.102428
0.600000,0.424950,-0.227250,-0.094438,0.000000,0.000000,0.098695
0.600000,0.421100,-0.226500,-0.095388,0.000000,0.000000,0.095623
0.600000,0.417250,-0.225750,-0.092114,0.000000,0.000000,0.107814
0.600000,0.413400,-0.225000,-0.092732,0.000000,0.000000,0.105938
0.600000,0.407666,-0.217913,-0.077877,0.000000,0.000000,0.123616
0.600000,0.455272,0.013691,0.168937,0.000000,0.011567,0.137832
0.600000,0.448304,0.029604,0.180236,0.000000,0.011365,0.124858
0.600000,0.448928,0.046525,0.192409,0.000000,0.011920,0.121132
0.600000,0.454408,0.073938,0.205484,0.000000,0.020902,0.119315
0.600000,0.455745,0.101187,0.218489,0.000000,0.029051,0.112141
0.600000,0.458799,0.258128,0.220254,0.000000,0.134468,0.102833
0.600000,0.554962,0.558128,0.370754,0.000000,0.289826,0.213668
0.600000,0.521682,0.596255,0.359777,0.000000,0.311639,0.191497
0.600000,0.507896,0.581981,0.378749,0.000000,0.327697,0.189344
0.600000,0.497414,0.580976,0.398385,0.000000,0.327848,0.192208
0.600000,0.481796,0.575805,0.415537,0.000000,0.311530,0.190075
0.600000,0.480000,0.650323,0.470165,0.000000,0.356199,0.217471
0.600000,0.463864,0.723177,0.524819,0.000000,0.402606,0.243832
0.600000,0.454224,0.808507,0.581661,0.000000,0.448231,0.277243
0.600000,0.477724,0.890858,0.632161,0.000000,0.479098,0.311433
0.600000,0.466703,0.974150,0.684809,0.000000,0.501105,0.347668
0.600000,0.452048,1.020796,0.728033,0.000000,0.524706,0.366621
0.600000,0.437403,1.111739,0.809356,0.000000,0.483668,0.436122
0.600000,0.422789,1.204831,0.879555,0.000000,0.472118,0.494590
0.600000,0.409395,1.252624,0.924548,0.000000,0.486018,0.520416
0.600000,0.396000,1.330281,0.979918,0.000000,0.488645,0.568061
0.600000,0.444881,1.385318,1.009440,0.000000,0.381890,0.600000
0.600000,0.477540,1.397473,1.046854,0.000000,0.359740,0.600000
0.600000,0.473954,1.400863,1.046032,0.000000,0.365958,0.600000
0.600000,0.352608,1.260985,1.052771,0.000000,0.526364,0.599999
0.600000,0.377835,1.276154,1.025430,0.000000,0.533440,0.600000
0.600000,0.365825,1.271952,1.043423,0.000000,0.533714,0.600000
0.600000,0.333081,1.235297,1.076669,0.000000,0.520801,0.599999
0.600000,0.331630,1.168194,1.073686,0.000000,0.512812,0.600000
0.600000,0.341851,0.868195,1.069091,0.000000,0.455637,0.600000
0.600000,0.419757,0.568195,0.844144,0.000000,0.232030,0.600000
0.600000,0.497873,0.268195,0.921420,0.000000,0.012174,0.600000
0.600000,0.488445,0.245498,0.921533,0.000000,0.003137,0.600000
0.600000,0.445868,0.308425,0.993837,0.000000,0.062012,0.600000
0.600000,0.437243,0.431156,1.039766,0.000000,0.165741,0.600000
0.600000,0.471579,0.492995,1.032755,0.000000,0.221925,0.600000
0.600000,0.482077,0.192995,1.057579,0.000000,0.158057,0.600000
0.600000,0.496421,0.186389,1.074566,0.000000,0.167265,0.600000
0.600000,0.496266,0.179541,1.075136,0.000000,0.176293,0.600000
0.600000,0.471943,0.160577,1.047386,0.000000,0.175295,0.600000
0.600000,0.468395,0.143193,1.024848,0.000000,0.175483,0.600000
0.600000,0.479349,0.131521,0.938087,0.000000,0.179955,0.600000
0.600000,0.488019,0.115658,0.910433,0.000000,0.181283,0.600000
0.600000,0.474626,0.097802,0.892562,0.000000,0.181116,0.600000
0.600000,0.466784,0.081148,0.865114,0.000000,0.181804,0.600000
0.600000,0.474571,0.067764,0.818420,0.000000,0.183903,0.600000
0.600000,0.472242,0.052611,0.784084,0.000000,0.184674,0.600000
0.600000,0.454794,0.056356,0.754425,0.000000,0.107747,0.600000
0.600000,0.363437,0.356356,0.797745,0.000000,0.283005,0.600000
0.600000,0.332038,0.480267,0.787245,0.000000,0.384210,0.599998
0.600000,0.318862,0.445110,0.780256,0.000000,0.365924,0.599999
0.600000,0.314179,0.419377,0.782100,0.000000,0.355082,0.600000
0.600000,0.321593,0.399186,0.769424,0.000000,0.348396,0.600000
0.600000,0.318507,0.658660,0.762894,0.000000,0.480653,0.600000
0.600000,0.429824,0.958660,0.953025,0.000000,0.414664,0.600000
0.600000,0.438074,1.065925,0.916847,0.000000,0.377092,0.600000
0.600000,0.499912,1.102424,0.922228,0.000000,0.276813,0.600000
0.600000,0.526261,1.104958,0.920187,0.000000,0.274077,0.600000
0.600000,0.539659,1.107669,0.933700,0.000000,0.270681,0.600000
0.600000,0.550946,1.109863,0.925379,0.000000,0.267301,0.600000
0.600000,0.571765,1.115280,0.925030,0.000000,0.251798,0.600000
0.600000,0.574222,1.116095,0.919390,0.000000,0.253464,0.600000
0.600000,0.567339,1.115279,0.916508,0.000000,0.261221,0.600000
0.600000,0.558734,1.105307,0.869617,0.000000,0.299624,0.600000
0.600000,0.547743,1.101994,0.808102,0.000000,0.313784,0.600000
0.600000,0.530297,1.096977,0.766724,0.000000,0.318808,0.600000
0.600000,0.579058,1.004540,0.734185,0.000000,0.301748,0.600000
0.600000,0.584666,0.954305,0.726387,0.000000,0.289158,0.597077
0.600000,0.590274,0.912390,0.680074,0.000000,0.296960,0.557391
0.600000,0.580025,0.903175,0.628717,0.000000,0.323843,0.517226
0.600000,0.567965,0.878138,0.601367,0.000000,0.313496,0.496715
0.600000,0.556454,0.861253,0.555130,0.000000,0.303253,0.464127
0.600000,0.574568,0.845778,0.506101,0.000000,0.294130,0.436285
0.600000,0.555346,0.812295,0.456993,0.000000,0.284571,0.394447
0.600000,0.597995,0.753985,0.395880,0.000000,0.279077,0.348752
0.600000,0.598745,0.668256,0.353725,0.000000,0.275454,0.300608
0.600000,0.599494,0.599076,0.315459,0.000000,0.271004,0.260644
0.600000,0.600246,0.589837,0.290652,0.000000,0.262846,0.250506
